Latein;Deutsche Übersetzung;Wortart;Lektion;id
acer, acris, acre, Gen. acris;heftig, hart, scharf;Adjektiv;15;1
adversus, adversa, adversum;ungünstig, widrig, feindlich;Adjektiv;13;2
aequus, aequa, aequum;gleich, angemessen, gerecht;Adjektiv;8;3
aeternus, aeterna, aeternum;ewig;Adjektiv;37;4
alienus, aliena, alienum;fremd;Adjektiv;18;5
alii... alii...;die einen... (die) andere(n)...;Adjektiv;6;6
alius, alia, aliud, Gen. alterius, Dat. alii;ein anderer;Adjektiv;6;7
alter, altera, alterum, Gen. alterius, Dat. alteri;der eine, der andere (von zweien);Adjektiv;24;8
altus, alta, altum;hoch, tief;Adjektiv;13;9
ambitiosus, -a, -um;ehrgeizig;Adjektiv;I 09;10
amplus, ampla, amplum;groß(artig), bedeutend, angesehen;Adjektiv;35;11
angustus, angusta, angustum;eng, schwierig;Adjektiv;26;12
apertus, aperta, apertum;offen;Adjektiv;40;13
armatus, armata, armatum;bewaffnet;Adjektiv;32;14
asper, aspera, asperum;hart, grob, beleidigend;Adjektiv;9;15
ater, atra, atrum;schwarz, düster;Adjektiv;40;16
aureus, aurea, aureum;golden, aus Gold;Adjektiv;31;17
barbarus, barbara, barbarum;barbarisch, wild, Subst. der Barbar, der Nichtrömer, der Nichtgrieche;Adjektiv;10;18
beatus, beata, beatum;glücklich, reich;Adjektiv;35;19
bellus, bella, bellum;hübsch, schön;Adjektiv;8;20
blandus, blanda, blandum;schmeichlerisch, zärtlich;Adjektiv;22;21
bonus, bona, bonum;gut, tüchtig;Adjektiv;9;22
brevis, brevis, breve, Gen. brevis;kurz;Adjektiv;15;23
carus, cara, carum;lieb, teuer;Adjektiv;36;24
celer, celeris, celere, Gen. celeris;schnell;Adjektiv;33;25
centesimus, centesima, centesimum;der hundertste;Adjektiv;I 06;26
certus, certa, certum;sicher, gewiss, bestimmt, zuverlässig;Adjektiv;32;27
ceteri, ceterae, cetera;die Übrigen;Adjektiv;11;28
clarus, clara, clarum;hell, klar, berühmt;Adjektiv;29;29
clemens, clemens, clemens, Gen. clementis;sanft, mild;Adjektiv;19;30
communis, communis, commune, Gen. communis;gemeinsam, allgemein, öffentlich;Adjektiv;39;31
complures, complures, complura, Gen. complurium;einige, ziemlich viele;Adjektiv;39;32
copiosus, copiosa, copiosum;wohlhabend, reich;Adjektiv;I 09;33
crudelis, crudelis, crudele, Gen. crudelis;grausam;Adjektiv;23;34
cuncti, cunctae, cuncta;alle;Adjektiv;8;35
cupidus, cupida, cupidum (m. Gen.);(be)gierig (nach);Adjektiv;40;36
decimus, decima, decimum;der zehnte;Adjektiv;20;37
densus, densa, densum;dicht (gedrängt);Adjektiv;40;38
dexter, dext(e)ra, dext(e)rum;rechts, Subst. die rechte Hand/Seite;Adjektiv;9;39
difficilis, difficilis, difficile, Gen. difficilis;schwierig, abweisend;Adjektiv;16;40
dignus, digna, dignum (m. Abl.);(einer Sache/Person) würdig, angemessen;Adjektiv;10;41
diligens, diligens, diligens, Gen. diligentis;gewissenhaft, sorgfältig;Adjektiv;26;42
dives, dives, dives, Gen. divitis, Abl. Sg. divite, Nom./Akk. Pl. n divita, Gen. Pl. divitum;reich;Adjektiv;39;43
dulcis, dulcis, dulce, Gen.: dulcis;süß, angenehm, lieb(lich);Adjektiv;I 07;44
durus, dura, durum;hart, hartherzig;Adjektiv;9;45
egregius, egregia, egregium;hervorragend, ausgezeichnet;Adjektiv;17;46
extremus, extrema, extremum;der äußerste;Adjektiv;36;47
facilis, facilis, facile, Gen. facilis;leicht, umgänglich;Adjektiv;15;48
falsus, falsa, falsum (Adv. falso);FALSCH;Adjektiv;37;49
familiaris, familiaris, familiare, Gen. familiaris;vertraut, freundschaftlich, Subst. der Freund;Adjektiv;29;50
famosus, famosa, famosum;viebesprochen, berüchtigt;Adjektiv;I 09;51
felix, felix, felix, Gen. felicis;glücklich, vom Glück begünstigt;Adjektiv;15;52
fidus, fida, fidum;treu, treu ergeben;Adjektiv;32;53
finitimus, finitima, finitimum;benachbart, Subst. der (Grenz-)Nachbar;Adjektiv;37;54
formosus, formosa, formosum;schön;Adjektiv;I 09;55
fortis, fortis, forte, Gen.: fortis;tapfer, mutig, kräftig;Adjektiv;26;56
frequens, frequens, frequens, Gen. frequentis;zahlreich, häufig;Adjektiv;36;57
frigidus, frigida, frigidum;kalt;Adjektiv;36;58
gloriosus, gloriosa, gloriosum;ruhmreich, ehrenvoll;Adjektiv;I 09;59
gravis, gravis, grave, Gen. gravis;schwer, wichtig, ernst;Adjektiv;15;60
humanus, humana, humanum;menschlich, gebildet;Adjektiv;10;61
humilis, humilis, humile, Gen. humilis;niedrig (gestellt), unterwürfig, demütig;Adjektiv;38;62
idoneus, idonea, idoneum;geeignet, fähig;Adjektiv;19;63
illustris, illustris, illustre, Gen. illustris;glänzend, berühmt;Adjektiv;37;64
incertus, incerta, incertum;unsicher, ungewiss, unschlüssig;Adjektiv;21;65
incolumis, incolumis, incolume, Gen. incolumis;unverletzt, heil;Adjektiv;22;66
inferior, inferior, inferius, Gen. inferioris;geringer, schwächer, unter (jmdm.) stehend;Adjektiv;38;67
ingeniosus, ingeniosa, ingeniosum;geschickt, begabt, erfindungsreich;Adjektiv;I 09;68
ingens, ingens, ingens, Gen. ingentis;gewaltig, ungeheuer;Adjektiv;17;69
inhumanus, inhumana, inhumanum;unmenschlich;Adjektiv;13;70
inimicus, inimica, inimicum;feindlich, Subst. der Feind;Adjektiv;25;71
innocens, innocens, innocens, Gen. innocentis;unschuldig;Adjektiv;35;72
iratus, irata, iratum;zornig, wütend;Adjektiv;24;73
iucundus, iucunda, iucundum;angenehm, erfreulich, liebenswürdig;Adjektiv;7;74
iustus, iusta, iustum;gerecht, gebührend, richtig;Adjektiv;35;75
laboriosus, laboriosa, laboriosum;arbeitsam, mühselig, beschwerlich;Adjektiv;I 09;76
laetus, laeta, laetum;froh, fröhlich;Adjektiv;6;77
latus, lata, latum;breit, weit;Adjektiv;40;78
libens, libens, libens, Gen. libentis;gern, (bereit)willig;Adjektiv;16;79
liber, libera, liberum;frei, unabhängig;Adjektiv;10;80
longus, longa, longum;lang, lang andauernd;Adjektiv;14;81
maestus, maesta, maestum;traurig;Adjektiv;6;82
magnus, magna, magnum;groß(artig), bedeutend;Adjektiv;6;83
maior, maior, maius, Gen. maioris;größer;Adjektiv;33;84
malus, mala, malum;schlecht, schlimm;Adjektiv;30;85
maturus, matura, maturum;reif, (früh)zeitig;Adjektiv;36;86
maximus, maxima, maximum;der größte, sehr groß;Adjektiv;33;87
medius, media, medium;der mittlere, in der Mitte (von);Adjektiv;30;88
melior, melior, melius, Gen. melioris;besser;Adjektiv;33;89
mirus, mira, mirum;wunderbar, erstaunlich;Adjektiv;29;90
miser, misera, miserum;elend, unglücklich;Adjektiv;9;91
mollis, mollis, molle, Gen. mollis;freundlich, weich, angenehm;Adjektiv;25;92
mortalis, mortalis, mortale, Gen. mortalis;sterblich;Adjektiv;15;93
mortuus, mortua, mortuum;tot, gestorben;Adjektiv;7;94
multi, multae, multa/multum;viele, zahlreiche/viel;Adjektiv;6;95
natus, nata, natum;geboren;Adjektiv;8;96
necessarius, necessaria, necessarium;notwendig;Adjektiv;31;97
nimius, nimia, nimium;zu groß, übermäßig;Adjektiv;30;98
nobilis, nobilis, nobile, Gen. nobilis;berühmt, vornehm, adlig;Adjektiv;38;99
nocens, nocens, nocens, Gen. nocentis;schuldig;Adjektiv;35;100
nocturnus, nocturna, nocturnum;nächtlich;Adjektiv;39;101
nonnulli, nonnullae, nonnulla;einige, manche;Adjektiv;30;102
nonus, nona, nonum;der neunte;Adjektiv;I 06;103
novus, nova, novum;neu;Adjektiv;6;104
nullus, nulla, nullum, Gen. nullius, Dat. nulli;kein;Adjektiv;18;105
obscurus, obscura, obscurum;(ziemlich) dunkel, finster;Adjektiv;27;106
occultus, occulta, occultum;heimlich, geheim, verborgen;Adjektiv;29;107
occupatus, occupata, occupatum (in m. Abl.);beschäftigt (m. etw.);Adjektiv;24;108
octavus, octava, octavum;der achte;Adjektiv;I 06;109
odiosus, odiosa, odiosum;verhasst, widerwärtig;Adjektiv;I 09;110
omnis, omnis, omne, Gen. omnis;jeder, ganz, Pl. alle;Adjektiv;15;111
optimus, optima, optimum;der beste, sehr gut;Adjektiv;33;112
otiosus, otiosa, otiosum;frei von Amtsgeschäften, müßig, friedlich;Adjektiv;I 09;113
par, par, par, Gen. paris;gleich;Adjektiv;32;114
paratus, parata, paratum;bereit;Adjektiv;14;115
parcus, parca, parcum;spärlich, sparsam;Adjektiv;27;116
parvus, parva, parvum;klein;Adjektiv;24;117
pauci, paucae, pauca;(nur) wenige;Adjektiv;26;118
perniciosus, perniciosa, perniciosum;verderblich, gefährlich;Adjektiv;I 09;119
perpetuus, perpetua, perpetuum;dauerhaft, ewig;Adjektiv;37;120
pius, pia, pium;fromm, gewissenhaft;Adjektiv;12;121
plenus, plena, plenum (m. Gen.);voll;Adjektiv;37;122
plerique, pleraeque, pleraque;die meisten, sehr viele;Adjektiv;38;123
plures, plures, plura, Gen. plurium;mehr(ere);Adjektiv;40;124
plurimi, plurimae, plurima/plurimum;die meisten, sehr viele/am meisten, sehr viel;Adjektiv;33;125
posterus, postera, posterum;(nach)folgend;Adjektiv;39;126
praeclarus, praeclara, praeclarum;herrlich, ausgezeichnet, sehr bekannt;Adjektiv;33;127
primus, prima, primum;der erste;Adjektiv;8;128
prior, prior, prius, Gen. prioris;der erste (von zweien), der frühere;Adjektiv;24;129
privatus, privata, privatum;persönlich, privat;Adjektiv;10;130
propinquus, propinqua, propinquum;nahe, benachbart, Subst. der Verwandte;Adjektiv;37;131
propior, propior, propius, Gen. propioris;(der) näher(e);Adjektiv;40;132
proximus, proxima, proximum;der nächste, der letzte;Adjektiv;28;133
publicus, publica, publicum;öffentlich, staatlich;Adjektiv;10;134
pulcher, pulchra, pulchrum;schön;Adjektiv;9;135
qualis, qualis, quale, Gen. qualis;wie (beschaffen), was für ein;Adjektiv;39;136
quantus, quanta, quantum;wie groß, was für ein;Adjektiv;28;137
quartus, quarta, quartum;der vierte;Adjektiv;I 06;138
quintus, quinta, quintum;der fünfte;Adjektiv;I 06;139
rectus, recta, rectum;gerade, direkt, richtig;Adjektiv;18;140
regius, regia, regium;königlich;Adjektiv;31;141
reliquus, reliqua, reliquum;übrig, künftig;Adjektiv;40;142
robustus, robusta, robustum;kräftig, stark;Adjektiv;8;143
sacer, sacra, sacrum;heilig, geweiht;Adjektiv;26;144
salvus, salva, salvum;wohlbehalten, gesund;Adjektiv;22;145
sanctus, sancta, sanctum;ehrwürdig, heilig;Adjektiv;33;146
sanus, sana, sanum;gesund;Adjektiv;36;147
sapiens, sapiens, sapiens, Gen. sapientis;weise, vernünftig;Adjektiv;35;148
secundus, secunda, secundum;der zweite, der folgende, günstig;Adjektiv;6;149
septimus, septima, septimum;der siebte;Adjektiv;40;150
sextus, sexta, sextum;der sechste;Adjektiv;I 06;151
similis, similis, simile, Gen. similis;ähnlich;Adjektiv;37;152
sinister, sinistra, sinistrum;links, Subst. die linke Hand/Seite;Adjektiv;9;153
situs, sita, situm;gelegen;Adjektiv;13;154
solus, sola, solum, Gen. solius, Dat. soli;allein, einzig, nur;Adjektiv;6;155
studiosus, studiosa, studiosum;eifrig, fleißig;Adjektiv;I 09;156
stultus, stulta, stultum;dumm, albern, Subst. der Dummkopf;Adjektiv;16;157
summus, summa, summum;der höchste, der oberste, der äußerste;Adjektiv;17;158
superbus, superba, superbum;stolz, arrogant;Adjektiv;25;159
superior, superior, superius, Gen. superioris;höher stehend, überlegen, früher;Adjektiv;38;160
supplex, supplex, supplex, Gen. supplicis;bittend, flehend;Adjektiv;35;161
supremus, suprema, supremum;der letzte, der höchste, der oberste;Adjektiv;32;162
talis, talis, tale, Gen. talis;derartig, (ein) solcher, so beschaffen;Adjektiv;29;163
tantus, tanta, tantum;so groß, so viel;Adjektiv;23;164
terribilis, terribilis, terribile, Gen. terribilis;schrecklich;Adjektiv;25;165
tertius, tertia, tertium;der dritte;Adjektiv;34;166
tot (indekl.);so viele;Adjektiv;26;167
totus, tota, totum;ganz;Adjektiv;8;168
turpis, turpis, turpe, Gen. turpis;schändlich, hässlich;Adjektiv;37;169
tutus, tuta, tutum;sicher, geschützt;Adjektiv;25;170
ultimus, ultima, ultimum;der äußerste, der entfernteste, der letzte;Adjektiv;40;171
unus, una, unum, Gen. unius, Dat. uni;ein, ein einziger;Adjektiv;7;172
uterque, utraque, utrumque, Gen. utriusque, Dat. utrique;jeder (von zweien), beide;Adjektiv;24;173
utilis, utilis, utile, Gen. utilis;nützlich, brauchbar;Adjektiv;19;174
varius, varia, varium;verschieden(artig);Adjektiv;34;175
vehemens, vehemens, vehemens, Gen. vehementis;heftig;Adjektiv;23;176
verus, vera, verum;wahr, echt;Adjektiv;16;177
vetus, vetus, vetus, Gen. veteris, Abl. Sg. vetere, Nom./Akk. Pl. n vetera, Gen. Pl. veterum;alt, ehemalig, erfahren;Adjektiv;31;178
vitiosus, vitiosa, vitiosum;fehlerhaft, lasterhaft;Adjektiv;I 09;179
vivus, viva, vivum;lebendig, zu Lebzeiten;Adjektiv;31;180
ambo;beide;Adjektiv, Numerale;24;181
adeo (Adv.);so sehr;Adverb;30;182
adhuc;noch (immer), bis jetzt;Adverb;10;183
adversus (m. Akk.);gegen, gegenüber;Adverb;32;184
aliquando;irgendwann (einmal), einst;Adverb;25;185
ante (Adv.);vorher;Adverb;28;186
antea (Adv.);vorher, früher;Adverb;I 10;187
bene (Adv.);gut;Adverb;9;188
bis;zweimal;Adverb;36;189
certe;sicher, bestimmt;Adverb;2;190
cito;schnell;Adverb;2;191
contra (Adv.);dagegen, andererseits;Adverb;40;192
cottidie;täglich, Tag für Tag;Adverb;28;193
cras;morgen;Adverb;30;194
deinde;dann, darauf, von da an;Adverb;13;195
demum;endlich;Adverb;40;196
denique;schließlich, zuletzt;Adverb;34;197
diu;lange;Adverb;4;198
diutius;länger;Adverb;37;199
domi;zu Hause;Adverb;38;200
domum;nach Hause;Adverb;16;201
eo (Adv.);dorthin;Adverb;25;202
fere;beinahe, fast, ungefähr;Adverb;31;203
foras;hinaus, heraus, nach draußen;Adverb;22;204
fortasse;vielleicht;Adverb;19;205
frustra;vergeblich;Adverb;34;206
hic;hier;Adverb;3;207
hinc;von hier;Adverb;22;208
hodie;heute;Adverb;8;209
huc;hierher;Adverb;17;210
iam;schon, bereits, nunmehr;Adverb;2;211
ibi;dort, da;Adverb;2;212
immo;ja sogar, im Gegenteil;Adverb;26;213
imprimis;besonders, insbesondere;Adverb;33;214
inde;von dort;Adverb;35;215
interea (Adv.);inzwischen;Adverb;I 10;216
ita;so, auf diese Weise;Adverb;19;217
item;ebenfalls;Adverb;16;218
iterum;wieder, zum zweiten Mal;Adverb;7;219
magis (Adv.);mehr, eher;Adverb;39;220
maxime (Adv.);am meisten, besonders;Adverb;35;221
minus (Adv.);weniger;Adverb;36;222
modo;gerade (eben), nur, (ein)mal;Adverb;14;223
mox;bald (darauf);Adverb;14;224
nimis;zu, zu sehr;Adverb;22;225
numquam;niemals;Adverb;13;226
nunc;nun, jetzt;Adverb;2;227
omnino;überhaupt, insgesamt;Adverb;29;228
paulatim ;allmählich;Adverb;40;229
paulo;(ein) wenig;Adverb;24;230
plus (Adv.);mehr;Adverb;36;231
post (Adv.);später, danach;Adverb;24;232
postea;später, nachher;Adverb;23;233
postremo;schließlich, zuletzt;Adverb;16;234
potius;eher, lieber;Adverb;36;235
praeterea;außerdem;Adverb;33;236
primo;zuerst, zunächst;Adverb;7;237
prius;zuerst, früher;Adverb;29;238
procul;von Weitem, in der Ferne, weit weg;Adverb;2;239
profecto;tatsächlich, auf alle Fälle;Adverb;11;240
propius (Adv.);näher;Adverb;32;241
protinus;sofort;Adverb;29;242
quam;wie, wie sehr;Adverb;9;243
quam;(nach Komparativ) als, (vor Superlativ) möglichst;Adverb;33;244
quantopere;wie sehr;Adverb;29;245
quidem;allerdings, zwar;Adverb;23;246
quondam;einst;Adverb;10;247
repente;plötzlich, unerwartet;Adverb;29;248
ruri;auf dem Land;Adverb;36;249
rursus;wieder;Adverb;40;250
saepe;oft;Adverb;17;251
satis;genug;Adverb;17;252
semel;einmal;Adverb;36;253
semper;immer;Adverb;5;254
sic;so;Adverb;11;255
simul;gleichzeitig, zugleich;Adverb;31;256
solum (Adv.);nur;Adverb;37;257
statim;sofort, auf der Stelle;Adverb;3;258
subito;plötzlich;Adverb;1;259
tam;so;Adverb;13;260
tandem;endlich, schließlich;Adverb;4;261
tantum (Adv.) ;nur;Adverb;28;262
tum;da, dann, darauf, damals;Adverb;2;263
ubique;überall;Adverb;6;264
ultro;von sich aus, darüber hinaus;Adverb;36;265
umquam;jemals;Adverb;33;266
una (Adv.);zusammen, gemeinsam;Adverb;13;267
undique;von überalher;Adverb;33;268
ut;wie;Adverb;8;269
valde;sehr;Adverb;3;270
velut;wie, wie zum Beispiel;Adverb;32;271
vero;aber, wirklich;Adverb;36;272
vix;kaum;Adverb;14;273
tamquam;wie ;Adverb ;38;274
quasi;(Adv.) gewissermaßen, (m. Konj.) als ob;Adverb, Subjunktion;40;275
an;oder (etwa);Fragesignal;24;276
-ne (angehängt);Fragesignal (das nicht übersetzt wird);Fragesignal;7;277
nonne?;denn nicht?, etwa nicht?;Fragesignal;7;278
num;indirekte Frage: ob;Fragesignal;29;279
num?;etwa?;Fragesignal;7;280
utrum;direkte Frage: unübersetzt, indirekte Frage: ob;Fragesignal;24;281
cur?;warum?;Fragewort;1;282
quando?;wann?;Fragewort;18;283
quare?;weshalb?, wodurch?;Fragewort;13;284
qui?;wie?;Fragewort;22;285
quin?;warum nicht?;Fragewort;34;286
quo?;wohin?;Fragewort;17;287
ubi?;wo?;Fragewort;1;288
unde?;woher?;Fragewort;3;289
quemadmodum;wie, auf welche Weise;Fragewort, Adverb;24;290
ecce!;schau!/schaut!, sieh da!/seht!;Interjektion;1;291
at;aber, (je)doch, dagegen;Konjunktion;27;292
atque/ac;und, und auch;Konjunktion;2;293
aut;oder;Konjunktion;13;294
autem (nachgestellt);aber, (je)doch;Konjunktion;11;295
enim (nachgestellt);denn, nämlich;Konjunktion;11;296
ergo;also;Konjunktion;35;297
et;und, auch;Konjunktion;1;298
etiam;auch, sogar;Konjunktion;1;299
igitur;also, folglich;Konjunktion;38;300
itaque;deshalb, daher;Konjunktion;7;301
nam;denn;Konjunktion;2;302
neque;und … nicht, auch … nicht, aber … nicht;Konjunktion;4;303
proinde;also, daher;Konjunktion;11;304
-que (angehängt);und;Konjunktion;14;305
quoque (nachgestellt);auch;Konjunktion;34;306
sed;aber, (je)doch, sondern;Konjunktion;2;307
tamen;dennoch, trotzdem;Konjunktion;17;308
vel;oder;Konjunktion;19;309
aut … aut;entweder … oder;Konjunktion, Wendung;21;310
et … et;sowoh… als auch, einerseits … andererseits;Konjunktion, Wendung;23;311
neque … neque;weder … noch;Konjunktion, Wendung;10;312
haud;nicht;Negation;14;313
non;nicht;Negation;1;314
nondum;noch nicht;Negation;18;315
centum;hundert;Numerale;I 06;316
decem;zehn;Numerale;20;317
duo, duae, duo;zwei;Numerale;19;318
mille (indekl.), Pl. milia, milium;tausend, Tausend(e);Numerale;37;319
novem;neun;Numerale;27, I 06;320
octo;acht;Numerale;I 06;321
quattuor;vier;Numerale;20;322
quinque;fünf;Numerale;20;323
septem;sieben;Numerale;31;324
sex;sechs;Numerale;24;325
tres, tres, tria, Gen. trium;drei;Numerale;17;326
a/ab (m. Abl.);von (… her), von … weg, seit;Präposition;9;327
ad (m. Akk.);zu, zu … hin, an, bei;Präposition;6;328
ante (m. Akk.);vor;Präposition;5;329
apud (m. Akk.);bei, in der Nähe von;Präposition;11;330
causa (m. Gen., nachgestellt);wegen, um … zu;Präposition;35;331
contra (m. Akk.);gegen;Präposition;27;332
cum (m. Abl.);(zusammen) mit;Präposition;7;333
de (m. Abl.);von, von … herab, über, in Bezug auf;Präposition;8;334
e/ex (m. Abl.);(her)aus, von (… an);Präposition;7;335
extra (m. Akk.);außerhalb, über … hinaus;Präposition;32;336
in (m. Abl.);in, an, auf, während;Präposition;7;337
in (m. Akk.);in, an, auf, nach, gegen(über);Präposition;3;338
inter (m. Akk.);zwischen, unter, während;Präposition;8;339
iuxta (m. Akk.);neben;Präposition;20;340
ob (m. Akk.);wegen;Präposition;21;341
per (m. Akk.);durch (… hindurch), über … hin, mithilfe;Präposition;12;342
post (m. Akk.);nach, hinter;Präposition;12;343
praeter (m. Akk.);außer;Präposition;12;344
pro (m. Abl.);vor, für, anstelle (von);Präposition;15;345
propter (m. Akk.);wegen;Präposition;34;346
sine (m. Abl.);ohne;Präposition;7;347
sub (m. Abl.);unter;Präposition;18;348
trans (m. Akk.);über (… hinüber), jenseits;Präposition;18;349
hic, haec, hoc;dieser, diese, dieses;Pronomen, Demonstrativ-;22;350
idem, eadem, idem;derselbe, der gleiche;Pronomen, Demonstrativ-;38;351
ille, illa, illud;jener, jene, jenes (berühmte/berüchtigte), der, die, das zuerst genannte;Pronomen, Demonstrativ-;27;352
ipse, ipsa, ipsum;selbst, persönlich, gerade;Pronomen, Demonstrativ-;39;353
is, ea, id;dieser, diese, dieses, der(jenige), die(jenige), das(jenige);Pronomen, Demonstrativ-;18;354
iste, ista, istud, Gen. istius, Dat. isti;dieser, diese, dieses (da), der, die, das (da), dein, euer;Pronomen, Demonstrativ-;28;355
aliqui, aliqua, aliquod;irgendein(e);Pronomen, Indefinit-;38;356
aliquis, aliquid;irgendjemand, -etwas;Pronomen, Indefinit-;38;357
nemo, Dat. nemini, Akk. neminem;niemand;Pronomen, Indefinit-;10;358
nihil;nichts;Pronomen, Indefinit-;7;359
quidam, quaedam, quoddam;ein (gewisser), Pl. einige, etliche;Pronomen, Indefinit-;39;360
quisque;(ein) jeder;Pronomen, Indefinit-;32;361
ullus, ulla, ullum, Gen. ullius, Dat. ulli (in verneintem Satz);irgendein(e);Pronomen, Indefinit-;38;362
unusquisque;jeder Einzelne;Pronomen, Indefinit-;33;363
qui, quae, quod?;welcher, welche, welches?;Pronomen, Interrogativ-;27;364
quis?/quid?;wer?/was?;Pronomen, Interrogativ-;1;365
uter?, Gen. utrius, Dat. utri ;wer? (von zweien);Pronomen, Interrogativ-;24;366
ego/me;ich/mich;Pronomen, Personal-;3;367
is, ea, id;er, sie, es;Pronomen, Personal-;16;368
nos;Nom. wir, Akk. uns;Pronomen, Personal-;13;369
tu/te;du/dich;Pronomen, Personal-;3;370
vos;Nom. ihr, Akk. euch;Pronomen, Personal-;13;371
se (Akk.)/sibi (Dat.)/secum (Abl.);sich/sich/mit sich, bei sich;Pronomen, Personal-, refl.;15;372
meus, mea, meum;mein;Pronomen, Possessiv-;15;373
noster, nostra, nostrum;unser;Pronomen, Possessiv-;15;374
tuus, tua, tuum;dein;Pronomen, Possessiv-;15;375
vester, vestra, vestrum;euer;Pronomen, Possessiv-;15;376
suus, sua, suum;sein, ihr;Pronomen, Possessiv-, refl.;15;377
qui, quae, quod;der, die, das, wer, was;Pronomen, Relativ-;18;378
cum (Subjunktion, m. Ind.);als, als plötzlich;Subjunktion;11;379
cum (Subjunktion, m. Ind.);(immer) wenn;Subjunktion;19;380
cum (Subjunktion, m. Konj.);als, nachdem, da, weil, obwohl;Subjunktion;28;381
dum (Subjunktion, m. Ind. Präs.);während;Subjunktion;5;382
dum (Subjunktion, m. Ind.);solange, (solange) bis;Subjunktion;33;383
etsi;auch wenn, obwohl;Subjunktion;9;384
ne (Subjunktion, m. Konj.);dass/damit nicht;Subjunktion;28;385
ne (Subjunktion, m. Konj.);(nach Ausdrücken des Fürchtens) dass;Subjunktion;31;386
nisi;wenn nicht, außer;Subjunktion;18;387
postquam (m. Perf.);nachdem;Subjunktion;21;388
priusquam;bevor, (nach verneintem Satz) bevor nicht;Subjunktion;20;389
quamquam;obwohl, obgleich;Subjunktion;11;390
quia;weil;Subjunktion;25;391
quod (Subjunktion);weil, dass;Subjunktion;9;392
quoniam;da … ja, wo … doch;Subjunktion;24;393
si;wenn, falls;Subjunktion;11;394
sin;wenn aber;Subjunktion;39;395
tamquam;wie wenn, als ob;Subjunktion;38;396
ubi (Subjunktion, m. Perf.);sobald;Subjunktion;22;397
ut (Subjunktion, m. Konj.);dass, damit, sodass;Subjunktion;28;398
abstinentia, abstinentiae f;die Enthaltsamkeit;Substantiv;36;399
acies, aciei f;das (kampfbereite) Heer, die Schlachtordnung;Substantiv;26;400
aditus, aditus m;der Zugang, der Zutritt;Substantiv;29;401
admiratio, admirationis f;die Bewunderung, die Begeisterung;Substantiv;29;402
adulescentia, adulescentiae f;die Jugend, das Jungsein;Substantiv;36;403
adventus, adventus m;die Ankunft;Substantiv;29;404
aedificium, aedificii n;das Gebäude, das Bauwerk;Substantiv;31;405
aedis, aedis f, Gen. Pl. aedium;der Tempel, Pl. auch das Haus;Substantiv;27;406
aequitas, aequitatis f;die Gleichheit;Substantiv;I 10;407
aequor, aequoris n;das Meer;Substantiv;I 07;408
aestus, aestus m;die Hitze, die Flut;Substantiv;I 07;409
aetas, aetatis f;das Alter, das Zeitalter;Substantiv;19;410
ager, agri m;der Acker, das Feld, das Gebiet;Substantiv;9;411
altitudo, altitudinis f;die Höhe, die Tiefe;Substantiv;I 10;412
ambitio, ambitionis f;der Ehrgeiz, die Bewerbung;Substantiv;I 09;413
amica, amicae f;die Freundin;Substantiv;1;414
amicitia, amicitiae f;die Freundschaft;Substantiv;27;415
amicus, amici m;der Freund;Substantiv;2;416
amor, amoris m;die Liebe;Substantiv;4;417
anima, animae f;die Seele, der Atem, das Leben;Substantiv;22;418
animus, animi m;das Herz, der Sinn, der Mut, der Geist;Substantiv;15;419
annus, anni m;das Jahr;Substantiv;17;420
aqua, aquae f;das Wasser;Substantiv;7;421
ara, arae f;der Altar;Substantiv;12;422
arbor, arboris f;der Baum;Substantiv;14;423
ardor, ardoris m;die Hitze, die Begeisterung, das Temperament;Substantiv;4;424
arma, armorum n (Pluralwort);die Waffen;Substantiv;6;425
ars, artis f, Gen. Pl. artium;die Kunst, das Handwerk;Substantiv;17;426
arx, arcis f, Gen. Pl. arcium;die Burg (der höher gelegene und befestigte Teieiner Stadt);Substantiv;26;427
asinus, asini m;der Esel;Substantiv;1;428
aspectus, aspectus m;der Anblick;Substantiv;31;429
auctor, auctoris m;der (Be-)Gründer, der Anstifter, der Veranlasser, der Verfasser;Substantiv;31;430
auctoritas, auctoritatis f;das Ansehen, der Einfluss;Substantiv;21;431
audacia, audaciae f;die Frechheit, die Kühnheit;Substantiv;24;432
auris, auris f, Gen. Pl. aurium;das Ohr;Substantiv;28;433
aurum, auri n;das Gold;Substantiv;27;434
auxilium, auxilii n;die Hilfe;Substantiv;6;435
avaritia, avaritiae f;die Gier, die Habsucht, der Geiz;Substantiv;27;436
avis, avis f, Gen. Pl. avium;der Vogel;Substantiv;24;437
avus, avi m;der Großvater;Substantiv;4;438
barba, barbae f;der Bart;Substantiv;I 08;439
bellum, belli n;der Krieg;Substantiv;17;440
beneficium, beneficii n;die Wohltat;Substantiv;33;441
bracchium, bracchii n;der Arm;Substantiv;I 08;442
brevitas, brevitatis f;die Kürze;Substantiv;I 10;443
caelum, caeli n;der Himmel, das Klima;Substantiv;14;444
calamitas, calamitatis f;das Unglück, der Verlust, die Niederlage;Substantiv;30;445
campus, campi m;das freie Gelände, das Feld;Substantiv;40;446
canis, canis m;der Hund;Substantiv;1;447
capilli, capillorum m (Pluralwort);die Haare;Substantiv;I 08;448
caput, capitis n;der Kopf, die Hauptstadt;Substantiv;12;449
caritas, caritatis f;die Liebe;Substantiv;I 10;450
carmen, carminis n;das Gedicht, das Lied;Substantiv;33;451
castra, castrorum n (Pluralwort);das Lager;Substantiv;27;452
casus, casus m;der Fall, der Zufall, der Schicksalsschlag;Substantiv;34;453
causa, causae f;der Grund, der Prozess, der Streitfall;Substantiv;5;454
cena, cenae f;das (Abend-)Essen, die Mahlzeit;Substantiv;10;455
certitudo, certitudinis f;die Sicherheit;Substantiv;I 10;456
cibus, cibi m;die Speise, die Nahrung;Substantiv;16;457
cinis, cineris m;die Asche;Substantiv;40;458
civis, civis m/f, Gen. Pl. civium;der/die Bürger(in), der/die Mitbürger(in);Substantiv;13;459
civitas, civitatis f;der Staat, der Stamm, die Bürgerschaft;Substantiv;18;460
clades, cladis f, Gen. Pl. cladium;die Niederlage, der Verlust;Substantiv;31;461
clamor, clamoris m;der Schrei, der Ruf, das Geschrei;Substantiv;4;462
classis, classis f, Gen. Pl. classium;die Flotte;Substantiv;23;463
clementia, clementiae f;die Milde;Substantiv;I 10;464
collum, colli n;der Hals;Substantiv;I 08;465
comes, comitis m/f;der/die Begleiter(in);Substantiv;25;466
condicio, condicionis f;die Bedingung, die Lage;Substantiv;37;467
coniunx, coniugis f/m;die (Ehe-)Frau/der (Ehe-)Mann;Substantiv;23;468
coniuratio, coniurationis f;die Verschwörung;Substantiv;28;469
consilium, consilii n;der Rat(schlag), der Plan, die Absicht;Substantiv;19;470
consuetudo, consuetudinis f;die Gewohnheit, der Brauch;Substantiv;39;471
consul, consulis m;der Konsu(höchster röm. Beamter);Substantiv;4;472
consultum, consulti n;der Beschluss;Substantiv;28;473
convivium, convivii n;das Gastmahl, das Gelage;Substantiv;36;474
copia, copiae f;der Vorrat, die Menge, Pl. auch die Truppen;Substantiv;26;475
cor, cordis n;das Herz;Substantiv;I 08;476
corpus, corporis n;der Körper, der Leib;Substantiv;12;477
crimen, criminis n;der Vorwurf, das Verbrechen;Substantiv;31;478
crux, crucis f;das Kreuz;Substantiv;32;479
culpa, culpae f;die Schuld;Substantiv;39;480
cupiditas, cupiditatis f;der Wunsch, das Verlangen;Substantiv;23;481
cura, curae f;die Sorge, die Sorgfalt;Substantiv;13;482
curia, curiae f;die Kurie (Sitzungsgebäude des Senats);Substantiv;38;483
custos, custodis m/f;der/die Wächter(in), die Wache;Substantiv;29;484
cutis, cutis f;die Haut;Substantiv;I 08;485
damnum, damni n;der Schaden, der Verlust;Substantiv;39;486
dea, deae f;die Göttin;Substantiv;4;487
deditio, deditionis f;die Übergabe, die Kapitulation;Substantiv;37;488
dens, dentis m;der Zahn;Substantiv;I 08;489
deus, dei m, Nom. Pl. auch di ;der Gott;Substantiv;4;490
dies, diei m;der Tag;Substantiv;25;491
difficultas, difficultatis f;die Schwierigkeit;Substantiv;I 10;492
digitus, digiti m;der Finger;Substantiv;I 08;493
dignitas, dignitatis f;die Würde, das Ansehen;Substantiv;27;494
diligentia, diligentiae f;die Gewissenhaftigkeit, die Sorgfalt;Substantiv;28;495
dolor, doloris m;der Schmerz, die Trauer;Substantiv;23;496
dolus, doli m;die List;Substantiv;21;497
domina, dominae f;die (Haus-)Herrin;Substantiv;5;498
dominus, domini m;der (Haus-)Herr;Substantiv;5;499
domus, domus f, Abl. Sg. domo, Gen. Pl. domorum, Akk. Pl. domos;das Haus (in der Stadt);Substantiv;28;500
donum, doni n;das Geschenk;Substantiv;2;501
dux, ducis m/f;der/die Führer(in), der Feldherr;Substantiv;23;502
epistula, epistulae f;der Brief;Substantiv;5;503
eques, equitis m;der Reiter;Substantiv;3;504
equus, equi m;das Pferd;Substantiv;2;505
exemplum, exempli n;das Beispiel;Substantiv;8;506
exercitus, exercitus m;das Heer;Substantiv;27;507
fabula, fabulae f;die Geschichte, die Erzählung, das Theaterstück;Substantiv;12;508
facies, faciei f;das Gesicht;Substantiv;I 08;509
factum, facti n;die Tat, die Handlung, die Tatsache;Substantiv;37;510
facultas, facultatis f;die Möglichkeit, die Gelegenheit;Substantiv;35;511
fama, famae f;das Gerücht, der Ruf;Substantiv;31;512
familia, familiae f;die Familie;Substantiv;2;513
fatum, fati n;das Schicksal;Substantiv;23;514
femina, feminae f;die Frau;Substantiv;6;515
fenestra, fenestrae f;das Fenster;Substantiv;31;516
ferrum, ferri n;das Eisen, die Waffe(n);Substantiv;32;517
fides, fidei f;das Vertrauen, die Treue, der Treueschwur, der Glaube;Substantiv;21;518
filia, filiae f;die Tochter;Substantiv;19;519
filius, filii m;der Sohn;Substantiv;9;520
finis, finis m, Gen. Pl. finium;das Ende, die Grenze, der Zweck, Pl. das Gebiet;Substantiv;27;521
flamma, flammae f;die Flamme, das Feuer;Substantiv;16;522
flumen, fluminis n;der Fluss;Substantiv;32;523
focus, foci m;der Herd;Substantiv;16;524
fons, fontis m;die Quelle;Substantiv;I 07;525
forma, formae f;die Form, die Gestalt, die Schönheit;Substantiv;15;526
fortitudo, fortitudinis f;die Tapferkeit;Substantiv;I 10;527
fortuna, fortunae f;das Schicksal, das Glück, die Lage;Substantiv;8;528
forum, fori n;das Forum, der Marktplatz;Substantiv;7;529
frater, fratris m;der Bruder;Substantiv;11;530
fraus, fraudis f, Gen. Pl. fraud(i)um;der Betrug, die Täuschung;Substantiv;21;531
frons, frontis f, Gen. Pl. frontium;die Stirn, die Vorderseite, die Front;Substantiv;32;532
fructus, fructus m;die Frucht, der Ertrag, der Nutzen;Substantiv;I 07;533
frumentum, frumenti n;das Getreide;Substantiv;31;534
fuga, fugae f;die Flucht;Substantiv;5;535
fur, furis m;der Dieb;Substantiv;5;536
furor, furoris m;das Toben, der Wahnsinn, die Raserei;Substantiv;4;537
gaudium, gaudii n;die Freude;Substantiv;25;538
gens, gentis f, Gen. Pl. gentium;das Volk, das Geschlecht;Substantiv;23;539
genus, generis n;das Geschlecht, die Art, die Gattung;Substantiv;12;540
gladius, gladii m;das Schwert;Substantiv;9;541
gloria, gloriae f;der Ruhm, die Ehre;Substantiv;34;542
gradus, gradus m;der Rang, die Stufe, der Schritt;Substantiv;38;543
gratia, gratiae f;der Dank, die Beliebtheit, die Gunst;Substantiv;16;544
hiems, hiemis f;der Winter, das Unwetter;Substantiv;I 07;545
homo, hominis m;der Mensch, der Mann, Pl. auch die Leute;Substantiv;4;546
honos/honor, honoris m;die Ehre, das Ehrenamt;Substantiv;17;547
hora, horae f;die Stunde;Substantiv;14;548
hortus, horti m;der Garten;Substantiv;31;549
hospes, hospitis m;der Gast, der Gastgeber;Substantiv;11;550
hostis, hostis m, Gen. Pl. hostium;der Feind;Substantiv;21;551
humanitas, humanitatis f;die Menschlichkeit, die Bildung;Substantiv;10;552
ignis, ignis m, Gen. Pl. ignium;das Feuer, der Brand;Substantiv;31;553
imperator, imperatoris m;der Kaiser, der Feldherr;Substantiv;3;554
imperium, imperii n;der Befehl, die Herrschaft, das Reich;Substantiv;18;555
impetus, impetus m;der Angriff, der Schwung;Substantiv;34;556
incendium, incendii n;der Brand, das Feuer;Substantiv;21;557
incolumitas, incolumitatis f;die Unversehrtheit;Substantiv;I 10;558
ingenium, ingenii n;die Begabung, der Verstand, der Charakter;Substantiv;25;559
iniuria, iniuriae f;das Unrecht, die Gewalttat, die Ungerechtigkeit;Substantiv;25;560
inopia, inopiae f;der Mangel;Substantiv;26;561
insidiae, insidiarum f (Pluralwort);der Hinterhalt, die Falle, der Anschlag;Substantiv;22;562
insula, insulae f;die Insel, der Wohnblock;Substantiv;3;563
interitus, interitus m;der Untergang;Substantiv;28;564
invidia, invidiae f;der Neid, der Hass;Substantiv;37;565
ira, irae f;der Zorn, die Wut;Substantiv;21;566
iter, itineris n;der Weg, die Reise, der Marsch;Substantiv;14;567
iudex, iudicis m;der Richter;Substantiv;5;568
iudicium, iudicii n;das Urteil, das Gericht, der Gerichtshof;Substantiv;15;569
ius, iuris n;das Recht;Substantiv;19;570
iustitia, iustitiae f;die Gerechtigkeit;Substantiv;30;571
iuvenis, iuvenis m;der junge Mann;Substantiv;15;572
iuventus, iuventutis f;die Jugend;Substantiv;33;573
labor, laboris m;die Arbeit, die Anstrengung, das Leid;Substantiv;10;574
lacrima, lacrimae f;die Träne;Substantiv;3;575
lacus, lacus m;der See, der Teich;Substantiv;I 07;576
laetitia, laetitiae f;die Freude;Substantiv;I 10;577
laus, laudis f;das Lob, der Ruhm;Substantiv;30;578
lectus, lecti m;das Bett, das Liegesofa;Substantiv;28;579
legatus, legati m;der Gesandte;Substantiv;30;580
legio, legionis f;die Legion;Substantiv;30;581
lex, legis f;das Gesetz, die Bedingung;Substantiv;33;582
liber, libri m;das Buch;Substantiv;32;583
liberi, liberorum m (Pluralwort);die Kinder;Substantiv;26;584
libertas, libertatis f;die Freiheit;Substantiv;20;585
libido, libidinis f;das (heftige) Verlangen, die Lust;Substantiv;29;586
litterae, litterarum f (Pluralwort);der Brief, die Wissenschaften, die Literatur;Substantiv;19;587
litus, litoris n;der Strand;Substantiv;21;588
loca, locorum n (Pluralwort);die Gegend;Substantiv;24;589
locus, loci m;der Ort, die Stelle;Substantiv;22;590
ludus, ludi m;das Spiel, die Schule;Substantiv;33;591
lumen, luminis n;das Licht, das Auge(nlicht);Substantiv;27;592
lux, lucis f;das (Tages-)Licht;Substantiv;8;593
magister, magistri m;der Lehrer;Substantiv;35;594
magnitudo, magnitudinis f;die Größe;Substantiv;27;595
maiores, maiorum m (Pluralwort);die Vorfahren;Substantiv;34;596
malum, mali n;das Übel, das Leid, das Unglück;Substantiv;34;597
mandatum, mandati n;der Auftrag;Substantiv;25;598
manus, manus f;die Hand, die Schar;Substantiv;27;599
mare, maris n, Abl. Sg. mari, Nom./Akk. Pl. maria, Gen. Pl. marium;das Meer;Substantiv;13;600
mater, matris f;die Mutter;Substantiv;6;601
matrona, matronae f;die (verheiratete) Frau;Substantiv;2;602
medicus, medici m;der Arzt;Substantiv;7;603
membrum, membri n;das Glied, der Körperteil;Substantiv;I 08;604
memoria, memoriae f;die Erinnerung, das Gedächtnis, die Zeit;Substantiv;33;605
mens, mentis f, Gen. Pl. mentium;der Geist, das Bewusstsein, die Denkweise;Substantiv;7;606
mensis, mensis m, Gen. Pl. mens(i)um;der Monat;Substantiv;20;607
merces, mercedis f;der Lohn;Substantiv;36;608
metus, metus m;die Angst, die Furcht;Substantiv;27;609
miles, militis m;der Soldat;Substantiv;27;610
militia, militiae f;der Militärdienst;Substantiv;38;611
miseria, miseriae f;das Elend;Substantiv;I 10;612
modus, modi m;die Art, die Weise, das Maß;Substantiv;22;613
moenia, moenium n (Pluralwort);die (Stadt-)Mauer;Substantiv;24;614
momentum, momenti n;die Entscheidung, die Wichtigkeit;Substantiv;24;615
mons, montis m, Gen. Pl. montium ;der Berg;Substantiv;12;616
monumentum, monumenti n;das Denkmal;Substantiv;17;617
mora, morae f;die Verzögerung, der Aufenthalt;Substantiv;29;618
mors, mortis f, Gen. Pl. mortium;der Tod;Substantiv;9;619
mortalitas, mortalitatis f;die Sterblichkeit;Substantiv;I 10;620
mos, moris m;die Art, die Sitte, der Brauch, Pl. auch der Charakter;Substantiv;10;621
mulier, mulíeris f;die Frau;Substantiv;22;622
multitudo, multitudinis f;die große Anzahl, die Menge;Substantiv;32;623
munus, muneris n;das Amt, die Aufgabe, das Geschenk;Substantiv;25;624
murus, muri m;die Mauer;Substantiv;21;625
nasus, nasi m;die Nase;Substantiv;I 08;626
natio, nationis f;das Volk, der (Volks-)Stamm;Substantiv;37;627
natura, naturae f;die Beschaffenheit, die Natur, das Wesen;Substantiv;26;628
nauta, nautae m;der Seemann;Substantiv;6;629
navis, navis f, Gen. Pl. navium;das Schiff;Substantiv;6;630
nefas n (nur Nom./Akk. Sg.);der Frevel, das Verbrechen;Substantiv;23;631
nepos, nepotis m;der Enkel, der Neffe;Substantiv;25;632
nix, nivis f;der Schnee;Substantiv;I 07;633
nomen, nominis n;der Name;Substantiv;13;634
nox, noctis f, Gen. Pl. noctium;die Nacht;Substantiv;5;635
numen, numinis n;die (göttliche) Macht, die Gottheit;Substantiv;12;636
numerus, numeri m;die Zahl, die Menge;Substantiv;18;637
nuntius, nuntii m;der Bote, die Botschaft;Substantiv;3;638
nuptiae, nuptiarum f (Pluralwort);die Heirat, die Hochzeit;Substantiv;19;639
obsidio, obsidionis f;die Belagerung;Substantiv;37;640
occasio, occasionis f;die Gelegenheit;Substantiv;34;641
oculus, oculi m;das Auge;Substantiv;7;642
odium, odii n;der Hass;Substantiv;27;643
officium, officii n;der Dienst, die Pflicht;Substantiv;39;644
onus, oneris n;die Last;Substantiv;29;645
opera, operae f;die Arbeit, die Tätigkeit, die Mühe;Substantiv;34;646
opinio, opinionis f;die Meinung, die Ansicht;Substantiv;38;647
oppidum, oppidi n;die (befestigte) Stadt;Substantiv;14;648
opus, operis n;das Werk, die Arbeit;Substantiv;17;649
oraculum, oraculi n;das Orakel, der Götterspruch, die Orakelstätte;Substantiv;12;650
oratio, orationis f;die Rede;Substantiv;35;651
orator, oratoris m;der Redner;Substantiv;5;652
orbis, orbis m, Gen. Pl. orbium;der (Erd-)Kreis;Substantiv;23;653
os, oris n;der Mund, das Gesicht;Substantiv;25;654
os, ossis n;der Knochen;Substantiv;I 08;655
otium, otii n;die freie Zeit, die Ruhe;Substantiv;I 09;656
parentes, parent(i)um m;die Eltern;Substantiv;20;657
pars, partis f, Gen. Pl. partium;der Teil, die Seite, die Richtung;Substantiv;30;658
pastor, pastoris m;der Hirte;Substantiv;38;659
pater, patris m;der Vater;Substantiv;5;660
patres, patrum m (Pluralwort);die Patrizier, die Senatoren;Substantiv;25;661
patria, patriae f;das Vaterland, die Heimat;Substantiv;13;662
patronus, patroni m;der Anwalt, der Verteidiger, der Schirmherr;Substantiv;5;663
pax, pacis f;der Frieden;Substantiv;30;664
pectus, pectoris n;die Brust;Substantiv;I 08;665
pecunia, pecuniae f;das Geld, das Vermögen;Substantiv;33;666
periculum, periculi n;die Gefahr;Substantiv;3;667
pernicies, perniciei f;die Vernichtung, das Verderben;Substantiv;23;668
pes, pedis m;der Fuß;Substantiv;22;669
pietas, pietatis f;die Frömmigkeit;Substantiv;I 10;670
pirata, piratae m;der Pirat, der Seeräuber;Substantiv;6;671
plebs, plebis f;die Plebejer, das (einfache) Volk, die Masse;Substantiv;25;672
poculum, poculi n;der Becher;Substantiv;35;673
poena, poenae f;die Strafe;Substantiv;31;674
pons, pontis m, Gen. Pl. pontium;die Brücke;Substantiv;17;675
populus, populi m;das Volk, das Publikum;Substantiv;4;676
porta, portae f;das Tor, die Tür;Substantiv;22;677
potestas, potestatis f;die Möglichkeit, die (Amts-)Gewalt, die Macht;Substantiv;32;678
praeceptum, praecepti n;die Vorschrift, die Regel, die Lehre;Substantiv;36;679
praemium, praemii n;die Belohnung, die Auszeichnung;Substantiv;35;680
praesentia, praesentiae f;die Gegenwart;Substantiv;28;681
praesidium, praesidii n;der Schutz, Pl. die Schutztruppe;Substantiv;28;682
preces, precum f (Pluralwort)  ;die Bitten, das Gebet;Substantiv;12;683
pretium, pretii n;der Preis;Substantiv;11;684
princeps, principis m;der Angesehenste, der führende Mann, der Herrscher;Substantiv;25;685
provincia, provinciae f;die Provinz;Substantiv;3;686
prudentia, prudentiae f;die Klugheit, die Vorsicht;Substantiv;21;687
puella, puellae f;das Mädchen;Substantiv;10;688
puer, pueri m;der Junge;Substantiv;9;689
pugna, pugnae f;der Kampf;Substantiv;9;690
pulchritudo, pulchritudinis f;die Schönheit;Substantiv;I 10;691
quies, quietis f;die Ruhe, die Erholung;Substantiv;30;692
ratio, rationis f;die Art und Weise, die Vernunft, der (vernünftige) Grund;Substantiv;28;693
regina, reginae f;die Königin;Substantiv;4;694
regio, regionis f;das Gebiet, die Gegend;Substantiv;37;695
regnum, regni n;das (König-)Reich, die Königsherrschaft;Substantiv;15;696
religio, religionis f;die (Gottes-)Verehrung, der Glaube, der Aberglaube;Substantiv;32;697
remedium, remedii n;das Heilmittel;Substantiv;22;698
res publica, rei publicae f;der Staat;Substantiv;32;699
res, rei f;die Sache, das Ereignis;Substantiv;21;700
reus, rei m;der Angeklagte;Substantiv;5;701
rex, regis m;der König;Substantiv;10;702
ripa, ripae f;das Ufer;Substantiv;18;703
ruina, ruinae f;der Einsturz, der Sturz, der Fall;Substantiv;40;704
rus, ruris n;das Land (im Gegensatz zur Stadt), das Feld;Substantiv;36;705
sacerdos, sacerdotis m/f;der/die Priester(in);Substantiv;21;706
saeculum, saeculi n;das Jahrhundert, die Welt;Substantiv;34;707
salus, salutis f;die Rettung, das Wohl, die Gesundheit, (in Verbindung m. dicere) der Gruß;Substantiv;11;708
sanguis, sanguinis m;das Blut;Substantiv;34;709
sanitas, sanitatis f;die Gesundheit;Substantiv;I 10;710
sapientia, sapientiae f;die Weisheit, der Verstand;Substantiv;8;711
saxum, saxi n;der Stein, der Fels(brocken);Substantiv;12;712
scelus, sceleris n;das Verbrechen;Substantiv;28;713
scientia, scientiae f;das Wissen, die Kenntnis;Substantiv;36;714
sedes, sedis f, Gen. Pl. sed(i)um;der Sitz, das Siedlungsgebiet;Substantiv;18;715
seditio, seditionis f;der Aufruhr, der Aufstand;Substantiv;31;716
senator, senatoris m;der Senator;Substantiv;4;717
senatus, senatus m;der Senat, die Senatsversammlung;Substantiv;27;718
senectus, senectutis f;das Alter;Substantiv;36;719
senex, senis m;der alte Mann, der Greis;Substantiv;39;720
sententia, sententiae f;die Meinung, die Ansicht, das Urteil;Substantiv;21;721
sermo, sermonis m;das Gespräch, das Gerede, die Sprache;Substantiv;38;722
servitus, servitutis f;die Sklaverei, die Knechtschaft;Substantiv;8;723
servus, servi m;der Sklave, der Diener;Substantiv;2;724
serva, servae f;die Sklavin, die Dienerin;Substantiv;2;725
signum, signi n;das Zeichen, das Merkmal;Substantiv;4;726
silentium, silentii n;die Ruhe, die Stille, das Schweigen;Substantiv;1;727
silva, silvae f;der Wald;Substantiv;I 07;728
similitudo, similitudinis f;die Ähnlichkeit;Substantiv;I 10;729
simulacrum, simulacri n;das Bild;Substantiv;4;730
socius, socii m;der Gefährte, der Verbündete;Substantiv;22;731
sol, solis m;die Sonne;Substantiv;1;732
somnus, somni m;der Schlaf;Substantiv;26;733
sors, sortis f, Gen. Pl. sortium;das Schicksal, das Los;Substantiv;11;734
species, speciei f;das Aussehen, der Schein;Substantiv;40;735
spectaculum, spectaculi n;das Schauspiel, die Veranstaltung, die Vorführung;Substantiv;4;736
spes, spei f;die Hoffnung, die Erwartung;Substantiv;21;737
studium, studii n;der Eifer, die Bemühung;Substantiv;24;738
stultitia, stultitiae f;die Dummheit;Substantiv;I 10;739
supplicium, supplicii n;die Hinrichtung, die (Todes-)Strafe;Substantiv;28;740
suspicio, suspicionis f;der Verdacht, die Vermutung;Substantiv;30;741
tellus, telluris f;die Erde, der Erdboden;Substantiv;I 07;742
tempestas, tempestatis f;der Sturm, das (schlechte) Wetter;Substantiv;14;743
tempus, temporis n;die Zeit, der (passende) Zeitpunkt;Substantiv;15;744
tergum, tergi n;der Rücken;Substantiv;12;745
terra, terrae f;die Erde, das Land;Substantiv;6;746
terror, terroris m;der Schrecken, die Schreckensnachricht;Substantiv;30;747
testis, testis m, Gen. Pl. testium;der Zeuge;Substantiv;20;748
timor, timoris m;die Angst, die Furcht;Substantiv;21;749
tribunus, tribuni m;der (Militär-)Tribun;Substantiv;30;750
turba, turbae f;die (Menschen-)Menge, das Durcheinander;Substantiv;40;751
turpitudo, turpitudinis f;die Hässlichkeit;Substantiv;I 10;752
turris, turris f, Akk. Sg. turrim, Abl. Sg. turri, Gen. Pl. turrium;der Turm;Substantiv;31;753
umerus, umeri m;der Oberarm, die Schulter;Substantiv;29;754
urbs, urbis f, Gen. Pl. urbium  ;die Stadt;Substantiv;8;755
usus, usus m;der Gebrauch, der Nutzen, die Erfahrung;Substantiv;33;756
utilitas, utilitatis f;der Nutzen;Substantiv;I 10;757
uxor, uxoris f;die Ehefrau;Substantiv;17;758
venter, ventris m;der Bauch, der Magen;Substantiv;36;759
ventus, venti m;der Wind, der Sturm;Substantiv;6;760
ver, veris n;der Frühling;Substantiv;I 07;761
verbum, verbi n;das Wort;Substantiv;4;762
veritas, veritatis f;die Wahrheit;Substantiv;I 10;763
versus, versus m;der Vers;Substantiv;31;764
via, viae f;der Weg, die Straße;Substantiv;14;765
victor, victoris m;der Sieger;Substantiv;9;766
victoria, victoriae f;der Sieg;Substantiv;32;767
vicus, vici m;die Gasse, das (Stadt-)Viertel, das Dorf;Substantiv;31;768
vigilia, vigiliae f;die Wache, der Wachtposten (nachts);Substantiv;26;769
villa, villae f;das (Land-)Haus, das Landgut;Substantiv;1;770
vinum, vini n;der Wein;Substantiv;16;771
vir, viri m;der Mann;Substantiv;9;772
virgo, virginis f;die junge (unverheiratete) Frau, die Jungfrau;Substantiv;19;773
virtus, virtutis f;die Tüchtigkeit, die Tapferkeit, die Tugend, Pl. auch gute Eigenschaften;Substantiv;26;774
vis, Akk. vim, Abl. vi f, Pl. vires, virium;die Gewalt, die Kraft, die Menge, Pl. auch (Streit-)Kräfte;Substantiv;13;775
vita, vitae f;das Leben;Substantiv;9;776
vitium, vitii n;der Fehler, die schlechte Eigenschaft;Substantiv;8;777
voluntas, voluntatis f;der Wille, die Absicht;Substantiv;19;778
voluptas, voluptatis f;das Vergnügen, der Spaß;Substantiv;7;779
votum, voti n;der Wunsch, das Gelübde;Substantiv;16;780
vox, vocis f;die Stimme;Substantiv;8;781
vulgus, vulgi n;das Volk;Substantiv;40;782
vulnus, vulneris n;die Wunde;Substantiv;39;783
vultus, vultus m;das Gesicht, die Miene;Substantiv;35;784
(mea, tua, …) sponte;freiwillig, aus eigenem Antrieb;Substantiv, Wendung;23;785
aestimare;(ein)schätzen;Verb;35;786
concedere, concedo, concessi, concessum;erlauben, zugestehen, einräumen;Verb;28;787
abducere, abduco, abduxi, abductum;wegführen, (weg)bringen, verschleppen;Verb;6;788
abesse, absum, afui;abwesend sein, fehlen, entfernt sein;Verb;20;789
abire, abeo, abii, abitum;(weg)gehen;Verb;20;790
accedere, accedo, accessi, accessum;herantreten, hingehen;Verb;16;791
accendere, accendo, accendi, accensum;in Brand setzen, entflammen, aufregen;Verb;29;792
accidere, accidit, accidit;sich ereignen, zustoßen;Verb;22;793
accipere, accipio, accepi, acceptum;annehmen, empfangen, aufnehmen;Verb;20;794
accurrere, accurro, accurri, accursum;herbeilaufen, angelaufen kommen;Verb;5;795
addere, addo, addidi, additum;hinzufügen;Verb;10;796
adducere, adduco, adduxi, adductum;heranführen, veranlassen;Verb;27;797
adesse, adsum, adfui/affui;anwesend sein, da sein, (m. Dat.) helfen;Verb;20;798
adhibere;anwenden, (jmdn.) hinzuziehen;Verb;36;799
adire, adeo, adii, aditum;hingehen, herantreten, ansprechen;Verb;23;800
administrare;verwalten;Verb;3;801
admirari, admiror, admiratus sum ;bewundern;Verb;34;802
admittere, admitto, admisi, admissum;hinzuziehen, zulassen;Verb;38;803
aedificare;bauen;Verb;21;804
afferre, affero, attuli, allatum ;(herbei)bringen, melden;Verb;30;805
afficere, afficio, affeci, affectum (m. Abl.);versehen (m. etw.);Verb;25;806
agere, ago, egi, actum;tun, handeln, (m. Adv. und cum) umgehen (mit jmdm.);Verb;9;807
aggredi, aggredior, aggressus sum;angreifen, überfallen;Verb;39;808
agitare;(an)treiben;Verb;25;809
aio/ait;ich sage, behaupte/er, sie, es sagt, behauptet;Verb;39;810
amare;lieben, verliebt sein;Verb;7;811
ambulare;(spazieren) gehen;Verb;7;812
amittere, amitto, amisi, amissum ;verlieren;Verb;34;813
animadvertere, animadverto, animadverti, animadversum (in m. Akk.);bemerken, entdecken, vorgehen (gegen jmdn.);Verb;26;814
aperire, aperio, aperui, apertum;öffnen, aufdecken;Verb;14;815
apparere, appareo, apparui, ‒;erscheinen, sich zeigen, offensichtlich sein;Verb;2;816
appellare;anreden, sich wenden (an), (m. doppeltem Akk.) (jmdn.) … nennen, (jmdn.) bezeichnen (als);Verb;16;817
apportare;herbeitragen, (mit)bringen;Verb;2;818
appropinquare;sich nähern, näher kommen;Verb;2;819
arbitrari, arbitror, arbitratus sum;glauben, meinen;Verb;40;820
arcere, arceo, arcui, ‒;abwehren, fernhalten;Verb;27;821
arcessere, arcesso, arcessivi, arcessitum;herbeirufen, holen;Verb;15;822
ardere, ardeo, arsi, ‒;(ver)brennen, entbrannt sein;Verb;1;823
ascendere, ascendo, ascendi, ascensum;hinaufsteigen, hinaufklettern;Verb;26;824
aspicere, aspicio, aspexi, aspectum;anblicken;Verb;20;825
audere, audeo, ausus sum ;wagen;Verb;28;826
audire;(an-, er-, zu)hören;Verb;3;827
augere, augeo, auxi, auctum ;vergrößern, vermehren;Verb;40;828
bibere, bibo, bibi, ‒;trinken;Verb;20;829
cadere, cado, cécidi, ‒;fallen, sinken;Verb;14;830
caedere, caedo, cecidi, caesum ;niederschlagen, töten;Verb;30;831
canere, cano, cecini, cantatum ;(be)singen;Verb;31;832
capere, capio, cepi, captum;(ein)nehmen, erobern, (er)fassen;Verb;20;833
carere, careo, carui, ‒ (m. Abl.);frei sein (von etw.), (etw.) nicht haben;Verb;10;834
cedere, cedo, cessi, cessum;(weg-, aus)gehen, nachgeben, überlassen;Verb;9;835
celebrare;rühmen, verherrlichen, feiern;Verb;33;836
cenare;essen;Verb;18;837
censere, censeo, censui, censum;(ein)schätzen, der Ansicht sein, (m. doppeltem Akk.) halten für;Verb;19;838
cernere, cerno, ‒, ‒;erkennen, sehen;Verb;27;839
certare;streiten, kämpfen;Verb;24;840
cessare;zögern, sich Zeit lassen;Verb;1;841
circumdare, circumdo, circumdedi circumdatum;umgeben, umzingeln;Verb;24;842
circumstare, circumsto, circumsteti, ‒;um … herum stehen;Verb;29;843
circumvenire, circumvenio, circumveni, circumventum;umzingeln, umringen;Verb;28;844
clamare;schreien, (laut) rufen;Verb;1;845
claudere, claudo, clausi, clausum ;(ab-, ein)schließen;Verb;29;846
cogere, cogo, coegi, coactum ;sammeln, zwingen;Verb;23;847
cogitare;denken (an), nachdenken (über), (m. Inf .) beabsichtigen;Verb;4;848
cognoscere, cognosco, cognovi, cognitum;erfahren, erkennen, kennenlernen;Verb;13;849
colere, colo, colui, cultum;pflegen, verehren, bebauen;Verb;12;850
colligere, colligo, collegi, collectum;sammeln, auflesen, folgern;Verb;I 09;851
collocare;(auf-, hin)stellen, (hin)setzen, legen;Verb;20;852
committere, committo, commisi, commissum;veranstalten, beginnen, begehen, anvertrauen;Verb;39;853
commovere, commoveo, commovi, commotum;erregen, bewegen, veranlassen;Verb;24;854
comperire, comperio, cómperi, compertum;erfahren, in Erfahrung bringen;Verb;17;855
componere, compono, composui, compositum;zusammenstellen, ordnen, verfassen, schlichten;Verb;I 06;856
comprehendere, comprehendo, comprehendi, comprehensum;ergreifen, festnehmen, begreifen;Verb;29;857
conari, conor, conatus sum ;versuchen;Verb;34;858
conciliare;gewinnen, vermitteln;Verb;15;859
condere, condo, condidi, conditum;gründen;Verb;24;860
conficere, conficio, confeci, confectum;beenden, erledigen;Verb;32;861
confidere, confido, confisus sum ;vertrauen;Verb;37;862
confirmare;bekräftigen, stärken, ermutigen;Verb;38;863
coniungere, coniungo, coniunxi, coniunctum;vereinigen, verbinden, (ver)knüpfen;Verb;38;864
consentire, consentio, consensi, consensum;übereinstimmen;Verb;24;865
consequi, consequor, consecutus sum;erreichen, nachfolgen;Verb;38;866
conservare;erhalten, retten;Verb;I 09;867
considere, consido, consedi, ‒;sich setzen, sich niederlassen;Verb;16;868
consistere, consisto, constiti, ‒;stehen bleiben, sich hinstellen, bestehen (aus);Verb;14;869
conspicere, conspicio, conspexi, conspectum;erblicken;Verb;20;870
constituere, constituo, constitui, constitutum;beschließen, festsetzen;Verb;23;871
consulere, consulo, consului, consultum;(m. Akk.) um Rat fragen, befragen, (m. Dat.) sorgen für;Verb;25;872
consumere, consumo, consumpsi, consumptum;verbrauchen, verwenden, zubringen;Verb;40;873
contemnere, contemno, contempsi, contemptum;verachten;Verb;38;874
contemplari, contemplor, contemplatus sum;(aus der Nähe genau) betrachten;Verb;34;875
contendere, contendo, contendi, contentum;sich anstrengen, eilen, kämpfen, behaupten;Verb;21;876
continere;halten, festhalten, enthalten;Verb;32;877
contingere, contingo, cóntigi, contactum;berühren, gelingen;Verb;35;878
convenire, convenio, conveni, conventum;zusammenkommen, zusammenpassen, (m. Akk.) treffen;Verb;8;879
corripere, corripio, corripui, correptum;(an)packen, an sich reißen;Verb;21;880
corrumpere, corrumpo, corrupi, corruptum;vernichten, verderben, bestechen;Verb;I 06;881
credere, credo, credidi, creditum;glauben, (an)vertrauen;Verb;17;882
crescere, cresco, crevi, ‒;wachsen;Verb;18;883
cupere, cupio, cupivi, cupitum;wünschen, verlangen;Verb;20;884
curare (m. Akk.);sorgen (für), sich kümmern (um);Verb;14;885
currere, curro, cucurri, cursum;laufen, eilen;Verb;7;886
custodire;bewachen;Verb;26;887
damnare;verurteilen;Verb;31;888
dare, do, dedi, datum;(von sich) geben;Verb;4;889
debere;(m. Inf.) müssen, verdanken, schulden;Verb;3;890
decedere, decedo, decessi, decessum;weggehen, gehen (aus);Verb;5;891
decipere, decipio, decepi, deceptum;täuschen;Verb;23;892
dedere, dedo, dedidi, deditum ;ausliefern, übergeben;Verb;37;893
deducere, deduco, deduxi, deductum;abführen, wegführen;Verb;35;894
deesse, desum, defui ;fehlen;Verb;39;895
defendere, defendo, defendi, defensum;verteidigen, abwehren;Verb;6;896
deficere, deficio, defeci, defectum;verlassen, ausgehen;Verb;21;897
delectare;erfreuen, Freude machen;Verb;16;898
delere, deleo, delevi, deletum;zerstören, vernichten;Verb;21;899
deliberare;überlegen;Verb;29;900
deponere, depono, deposui, depositum;niederlegen, aufgeben;Verb;29;901
descendere, descendo, descendi, descensum;herabsteigen, hinuntergehen;Verb;12;902
deserere, desero, deserui, desertum;im Stich lassen, verlassen;Verb;37;903
desinere, desino, desii, desitum;aufhören;Verb;11;904
desperare;verzweifeln, die Hoffnung aufgeben;Verb;11;905
despicere, despicio, despexi, despectum;(auf etw.) herabblicken, verachten;Verb;31;906
destinare;bestimmen, ausersehen;Verb;19;907
detegere, detego, detexi, detectum;entdecken;Verb;I 09;908
dicere, dico, dixi, dictum (Imp. Sg. dic);sagen, sprechen, (m. doppeltem Akk.) nennen;Verb;5;909
differre, differo, distuli, dilatum ;aufschieben, verschieben, sich unterscheiden;Verb;30;910
dimittere, dimitto, dimisi, dimissum;wegschicken, freilassen;Verb;16;911
discedere, discedo, discessi, discessum;weggehen, verschwinden;Verb;21;912
discere, disco, didici, ‒ ;lernen, in Erfahrung bringen;Verb;33;913
disserere, dissero, disserui, dissertum;sprechen über, erörtern;Verb;18;914
docere, doceo, docui, doctum;unterrichten, lehren;Verb;23;915
donare;(be)schenken;Verb;33;916
dormire;schlafen;Verb;5;917
dubitare;zögern, zweifeln;Verb;20;918
ducere, duco, duxi, ductum (Imp. Sg. duc);führen, ziehen, (m. doppeltem Akk.) halten für, (in Verbindung m. uxorem) heiraten;Verb;17;919
edere, edo, edidi, editum;verkünden, herausgeben;Verb;12;920
efferre, effero, extuli, elatum ;heraustragen, herausheben, hervorbringen;Verb;30;921
efficere, efficio, effeci, effectum ;bewirken, erreichen;Verb;33;922
effodere, effodio, effodi, effossum;ausstechen, ausgraben;Verb;39;923
effugere, effugio, effugi, ‒;entfliehen, vermeiden;Verb;22;924
egredi, egredior, egressus sum ;hinausgehen, verlassen;Verb;40;925
emere, emo, emi, emptum;kaufen;Verb;8;926
eripere, eripio, eripui, ereptum;entreißen;Verb;27;927
errare;(sich) irren, umherirren;Verb;10;928
esse, sum, fui;sein;Verb;1;929
excedere, excedo, excessi, excessum;hinausgehen, weggehen;Verb;37;930
excipere, excipio, excepi, exceptum;aufnehmen, auffangen, eine Ausnahme machen;Verb;39;931
excitare;(auf)wecken, erregen, ermuntern;Verb;26;932
exercere, exerceo, exercui, ‒;üben, ausbilden, (be)treiben;Verb;18;933
exire, exeo, exii, ‒;hinausgehen;Verb;29;934
existimare;meinen, schätzen;Verb;35;935
experiri, experior, expertus sum ;erfahren, erleiden, versuchen;Verb;34;936
explanare;erklären;Verb;17;937
exponere, expono, exposui, expositum;ausstellen, aussetzen, darlegen;Verb;8;938
expugnare;erobern, erstürmen;Verb;26;939
exspectare;warten (auf), erwarten;Verb;1;940
exstinguere, exstinguo, exstinxi, exstinctum;auslöschen, vernichten;Verb;40;941
exstruere, exstruo, exstruxi, exstructum;errichten, erbauen;Verb;17;942
facere, facio, feci, factum (Imp. Sg. fac);machen, (m. doppeltem Akk.) (jmdn.) machen (zu);Verb;23;943
fallere, fallo, fefelli, ‒;täuschen, betrügen;Verb;26;944
favere, faveo, favi, fautum (m. Dat.);gewogen sein, (jmdn.) begünstigen;Verb;16;945
ferre, fero, tuli, latum (Imp. Sg. fer);bringen, tragen, ertragen, berichten;Verb;30;946
ferunt;man berichtet;Verb;30;947
fieri, fio, factus sum ;geschehen, werden, gemacht werden;Verb;37;948
figere, figo, fixi, fixum ;(an)heften, befestigen, auf etw. richten;Verb;34;949
fingere, fingo, finxi, fictum;formen, gestalten, sich ausdenken, vortäuschen;Verb;25;950
finire;(be)enden;Verb;25;951
flere, fleo, flevi, fletum;weinen, beklagen;Verb;12;952
florere, floreo, florui, ‒;blühen;Verb;I 07;953
fluere, fluo, fluxi, ‒;fließen;Verb;I 07;954
frangere, frango, fregi, fractum;(zer)brechen;Verb;14;955
frui, fruor, ‒ (m. Abl.);(etw.) genießen, sich (an etw.) erfreuen;Verb;36;956
fugare;in die Flucht schlagen;Verb;32;957
fugere, fugio, fugi, ‒ (m. Akk.);fliehen (vor), (etw.) meiden;Verb;23;958
fulgere, fulgeo, fulsi, ‒;glänzen, leuchten, blitzen;Verb;I 07;959
fundere, fundo, fudi, fusum;(aus)gießen, befeuchten;Verb;16;960
fungi, fungor, functus sum (m. Abl.);verwalten, ausüben;Verb;39;961
gaudere, gaudeo, gavisus sum;sich freuen;Verb;2;962
generare;erzeugen;Verb;I 09;963
gerere, gero, gessi, gestum ;(aus)führen, tragen;Verb;32;964
gratus, grata, gratum ;dankbar, willkommen, beliebt;Verb;I 07;965
habere;haben, halten;Verb;18;966
horrere, horreo, horrui, ‒ (m. Akk.);erschrecken (vor jmdm./etw.), sich scheuen (etw. zu tun);Verb;9;967
hortari, hortor, hortatus sum ;auffordern, ermuntern, ermahnen;Verb;34;968
iacere, iaceo, iacui, ‒;(da)liegen;Verb;1;969
iactare;schleudern, rühmen;Verb;39;970
ignorare;nicht wissen, nicht kennen;Verb;11;971
ignoscere, ignosco, ignovi, ignotum;verzeihen;Verb;30;972
imitari, imitor, imitatus sum ;nachahmen;Verb;37;973
impellere, impello, ímpuli, impulsum;(an)stoßen, veranlassen;Verb;40;974
imperare (m. Dat.);befehlen, herrschen (über);Verb;25;975
imponere, impono, imposui, impositum;setzen, stellen, legen (an, auf, in), auftragen, bringen;Verb;10;976
incedere, incedo, incessi, incessum;befallen, einhergehen;Verb;29;977
incendere, incendo, incendi, incensum;anzünden, entflammen, in Aufregung versetzen;Verb;23;978
incipere, incipio, coepi, coeptum/inceptum;anfangen, beginnen;Verb;20;979
incitare;antreiben, anfeuern;Verb;4;980
indicare;anzeigen, angeben;Verb;34;981
inducere, induco, induxi, inductum;(hin)einführen, verleiten;Verb;32;982
inire, ineo, inii, initum ;(hin)eingehen, beginnen;Verb;28;983
iniungere, iniungo, iniunxi, iniunctum;auferlegen, einfügen, anfügen;Verb;37;984
inquit;sagt/sagte (er, sie);Verb;22;985
inspicere, inspicio, inspexi, inspectum (m. Akk.);hineinschauen (in etw.);Verb;32;986
instare, insto, institi, ‒;drohen, bevorstehen;Verb;21;987
instituere, instituo, institui, institutum;beginnen, einrichten, unterrichten;Verb;27;988
intellegere, intellego, intellexi, intellectum;verstehen, erkennen, einsehen;Verb;33;989
interesse, intersum, interfui (m. Dat.);teilnehmen (an etw.);Verb;20;990
interficere, interficio, interfeci, interfectum;töten;Verb;24;991
interrogare   ;(be)fragen;Verb;11;992
interrumpere, interrumpo, interrupi, interruptum;unterbrechen;Verb;30;993
intrare;eintreten, betreten;Verb;4;994
invadere, invado, invasi, invasum;eindringen, angreifen;Verb;5;995
invenire, invenio, inveni, inventum;(er)finden;Verb;24;996
invitare;einladen;Verb;18;997
irasci, irascor, ‒ (m. Dat.);zornig sein (auf jmdn.), in Zorn geraten;Verb;35;998
ire, eo, ii, itum;gehen;Verb;18;999
irridere, irrideo, irrisi, irrisum;verspotten, auslachen;Verb;24;1000
iubere, iubeo, iussi, iussum (m. Akk.);(jmdm.) befehlen, (jmdn.) beauftragen;Verb;3;1001
iudicare;(be)urteilen, richten;Verb;15;1002
iurare;schwören;Verb;22;1003
laborare;arbeiten, sich anstrengen, leiden;Verb;10;1004
laedere, laedo, laesi, laesum;verletzen, kränken;Verb;19;1005
latere, lateo, latui, ‒;verborgen sein;Verb;21;1006
laudare;loben, preisen;Verb;I 09;1007
legere, lego, legi, lectum;lesen, sammeln, auswählen;Verb;5;1008
liberare  ;befreien;Verb;16;1009
licere/licet, licuit (m. Dat.);es ist möglich, es ist erlaubt, (jmd.) darf;Verb;12;1010
loqui, loquor, locutus sum ;reden, sprechen;Verb;34;1011
ludere, ludo, lusi, lusum;spielen;Verb;5;1012
mandare;auftragen, übergeben, anvertrauen;Verb;23;1013
manere, maneo, mansi, ‒;bleiben, erwarten;Verb;7;1014
memorare;erwähnen, sagen;Verb;39;1015
merere;verdienen;Verb;35;1016
metuere, metuo, metui, ‒;sich fürchten, befürchten;Verb;22;1017
minuere, minuo, minui, minutum;vermindern, verringern;Verb;31;1018
mittere, mitto, misi, missum;schicken, werfen;Verb;11;1019
monere;erinnern, mahnen, auffordern;Verb;23;1020
morari, moror, moratus sum ;(jmdn.) aufhalten, sich aufhalten;Verb;38;1021
mori, morior, mortuus sum ;sterben;Verb;35;1022
movere, moveo, movi, motum;bewegen, beeinflussen;Verb;12;1023
multiplicare, multiplico, multiplicavi, multiplicatum;vervielfältigen;Verb;I 09;1024
munire;befestigen;Verb;26;1025
mutare;(ver)ändern, verwandeln;Verb;10;1026
narrare;erzählen, berichten;Verb;16;1027
navigare;segeln, mit dem Schiff fahren;Verb;3;1028
necare;töten;Verb;6;1029
negare;leugnen, ablehnen, sagen (, dass nicht …);Verb;11;1030
neglegere, neglego, neglexi, neglectum;nicht (be)achten, vernachlässigen;Verb;27;1031
nescire, nescio, nescivi, ‒;nicht wissen, nicht verstehen;Verb;19;1032
nocere, noceo, nocui, ‒;schaden;Verb;22;1033
nolle, nolo, nolui, ‒;nicht wollen;Verb;19;1034
nominare;nennen;Verb;37;1035
non iam;nicht mehr;Verb;1;1036
nuntiare;melden;Verb;29;1037
observare;beobachten, einhalten, beachten;Verb;35;1038
obsidere, obsideo, obsedi, obsessum;belagern, bedrängen;Verb;28;1039
obtinere, obtineo, obtinui, obtentum;erlangen, behaupten;Verb;24;1040
occidere, óccido, óccidi, ‒ ;untergehen, umkommen;Verb;31;1041
occurrere, occurro, occurri, occursum;entgegenkommen, begegnen;Verb;22;1042
offendere, offendo, offendi, offensum;beleidigen, (an)stoßen;Verb;14;1043
offerre, offero, obtuli, oblatum ;entgegenbringen, anbieten;Verb;34;1044
omittere, omitto, omisi, omissum ;außer Acht lassen, unterlassen;Verb;37;1045
opprimere, opprimo, oppressi, oppressum;überfallen, überwältigen, unterdrücken;Verb;13;1046
oppugnare;angreifen, belagern;Verb;26;1047
orare;beten, (er)bitten;Verb;17;1048
oriri, orior, ortus sum ;entstehen, sich erheben;Verb;38;1049
ornare;schmücken, ausstatten;Verb;33;1050
ostendere, ostendo, ostendi, ‒;zeigen;Verb;19;1051
pacare;unterwerfen;Verb;30;1052
parare;(vor-, zu)bereiten, (m. Inf.) vorhaben;Verb;3;1053
parcere, parco, peperci, ‒ (m. Dat.);(jmdn.) schonen;Verb;25;1054
parere, pareo, parui, ‒;gehorchen;Verb;3;1055
parere, pario, péperi, partum ;erwerben, gewinnen, hervorbringen;Verb;34;1056
patere, pateo, patui, ‒;offenstehen, klar sein;Verb;28;1057
pati, patior, passus sum ;(er)leiden, ertragen, zulassen, geschehen lassen;Verb;34;1058
pellere, pello, pepuli, pulsum;schlagen, stoßen, vertreiben;Verb;25;1059
perferre, perfero, pertuli, perlatum ;ertragen, (über)bringen;Verb;30;1060
perficere, perficio, perfeci, perfectum;ausführen, vollenden;Verb;25;1061
pergere, pergo, perrexi, perrectum;fortfahren, (etw.) weiter (tun);Verb;38;1062
perire, pereo, perii, ‒;zugrunde gehen, umkommen;Verb;18;1063
persequi, persequor, persecutus sum;verfolgen;Verb;39;1064
perspicere, perspicio, perspexi, perspectum;erkennen, genau sehen, durchschauen;Verb;25;1065
persuadere, persuadeo, persuasi, persuasum (m. Dat.);(jmdn.) überzeugen (meist m. AcI), (jmdn.) überreden;Verb;21;1066
perterrere;heftig erschrecken;Verb;40;1067
perturbare;(völlig) verwirren, beunruhigen;Verb;17;1068
pervenire, pervenio, perveni, perventum;hinkommen, ankommen, gelangen;Verb;26;1069
petere, peto, petivi, petitum;bitten, verlangen, angreifen, aufsuchen, gehen/fahren nach;Verb;9;1070
placere;gefallen, Spaß machen;Verb;1;1071
plaudere, plaudo, plausi, plausum;Beifalklatschen, applaudieren;Verb;5;1072
ponere, pono, posui, positum;setzen, stellen, legen;Verb;14;1073
portare;tragen, bringen;Verb;7;1074
poscere, posco, poposci, ‒ ;fordern, verlangen;Verb;20;1075
posse, possum, potui, ‒;können;Verb;20;1076
postulare;fordern;Verb;27;1077
potiri, potior, potitus sum (m. Abl.);(etw.) in seine Gewalt bringen;Verb;34;1078
praebere;(dar)reichen, gewähren;Verb;11;1079
praecipere, praecipio, praecepi, praeceptum;(be)lehren, vorschreiben, anordnen;Verb;36;1080
praecipitare;(jmdn.) hinabstürzen, stoßen, (sich kopfüber) hinabstürzen;Verb;6;1081
praeferre, praefero, praetuli, praelatum;vorziehen;Verb;36;1082
praestare, praesto, praestiti, ‒ ;(m. Dat.) übertreffen, (m. Akk.) leisten;Verb;36;1083
praeterire, praetereo, praeterii, praeteritum;vorbeigehen, vergehen;Verb;39;1084
precari, precor, ‒ ;flehen, (er)bitten;Verb;40;1085
premere, premo, pressi, pressum ;(unter)drücken, bedrängen;Verb;31;1086
privare (m. Abl.);(einer Sache) berauben, (um etw.) bringen;Verb;26;1087
probare;gutheißen, billigen;Verb;21;1088
procedere, procedo, processi, processum;vorrücken, vorankommen;Verb;32;1089
proficisci, proficiscor, profectus sum;aufbrechen, (ab)reisen, abstammen;Verb;35;1090
prohibere;abhalten, hindern;Verb;18;1091
proicere, proicio, proieci, proiectum;(nieder-, vor)werfen;Verb;22;1092
promittere, promitto, promisi, promissum;versprechen;Verb;15;1093
properare;eilen, sich beeilen;Verb;2;1094
protegere, protego, protexi, protectum;schützen;Verb;34;1095
pugnare;kämpfen;Verb;6;1096
putare;glauben, meinen, (m. doppeltem Akk.) halten für;Verb;10;1097
quaerere, quaero, quaesivi, quaesitum;suchen, fragen;Verb;5;1098
quaeso;ich bitte dich, bitte;Verb;16;1099
queri, queror, questus sum ;klagen, sich beklagen;Verb;39;1100
quiescere, quiesco, quievi, ‒;(aus)ruhen, schlafen;Verb;28;1101
rapere, rapio, rapui, raptum;(an sich, weg)reißen, rauben;Verb;26;1102
recipere, recipio, recepi, receptum;aufnehmen, zurücknehmen;Verb;22;1103
recitare;vortragen, vorlesen;Verb;31;1104
recreare;wiederherstellen;Verb;32;1105
recusare;verweigern, sich weigern;Verb;19;1106
reddere, reddo, reddidi, redditum;zurückgeben, (m. doppeltem Akk.) (etw.) … machen;Verb;22;1107
redire, redeo, redii, reditum;zurückgehen, zurückkehren;Verb;18;1108
reducere, reduco, reduxi, reductum;zurückführen, zurückbringen;Verb;13;1109
referre, refero, rettuli, relatum ;(zurück)bringen, berichten;Verb;30;1110
regere, rego, rexi, rectum;(be)herrschen;Verb;23;1111
relinquere, relinquo, reliqui, relictum;zurücklassen, verlassen;Verb;21;1112
repellere, repello, réppuli, repulsum;zurückstoßen, vertreiben;Verb;40;1113
reperire, reperio, répperi, repertum;finden, wiederfinden;Verb;32;1114
repetere, repeto, repetivi, repetitum;wiederholen, zurückverlangen;Verb;38;1115
respicere, respicio, respexi, respectum;denken an, berücksichtigen;Verb;23;1116
respondere, respondeo, respondi, responsum;antworten, entgegnen;Verb;3;1117
restare, resto, restiti, ‒;übrig sein, übrig bleiben, überleben;Verb;12;1118
retinere, retineo, retinui, retentum ;behalten, festhalten, zurückhalten;Verb;39;1119
reverti, revertor, reverti, reversus ;zurückkehren;Verb;37;1120
ridere, rideo, risi, risum;lachen;Verb;2;1121
rogare, rogo;fragen, bitten;Verb;3;1122
ruere, ruo, rui, ‒ (in m. Akk.);(auf jmdn.) losstürmen, einstürzen;Verb;26;1123
rumpere, rumpo, rupi, ruptum ;(zer)brechen;Verb;29;1124
sacrificare;opfern;Verb;10;1125
salutare;(be)grüßen;Verb;2;1126
scire;wissen, verstehen;Verb;14;1127
scribere, scribo, scripsi, scriptum;schreiben;Verb;13;1128
sedere, sedeo, sedi, sessum;(da)sitzen;Verb;4;1129
sentire, sentio, sensi, sensum;fühlen, merken, meinen;Verb;14;1130
sequi, sequor, secutus sum (m. Akk.);(jmdm.) folgen;Verb;35;1131
servare;retten, bewahren;Verb;11;1132
servire, servio, ‒, ‒ ;Sklave sein, dienen;Verb;38;1133
simulare;vortäuschen, so tun, als ob;Verb;19;1134
solere, soleo, solitus sum;gewohnt sein, (etw.) normalerweise (tun);Verb;5;1135
sollicitare;beunruhigen, aufwiegeln;Verb;13;1136
solvere, solvo, solvi, solutum ;(auf)lösen, bezahlen;Verb;36;1137
spargere, spargo, sparsi, sparsum;bespritzen, verbreiten;Verb;16;1138
spectare;(an)schauen, betrachten;Verb;7;1139
sperare;(er)hoffen, erwarten;Verb;8;1140
spirare;(aus)atmen;Verb;38;1141
stare, sto, steti, statum;(da)stehen;Verb;1;1142
statuere, statuo, statui, statutum;beschließen, entscheiden, aufstellen, festsetzen;Verb;10;1143
stringere, stringo, strinxi, strictum;ziehen;Verb;22;1144
studere, studeo, studui, ‒  (m. Dat.);sich bemühen (um), wollen, sich bilden;Verb;9;1145
suadere, suadeo, suasi, suasum ;raten, zureden;Verb;31;1146
subire, subeo, subii, subitum;auf sich nehmen, herangehen;Verb;33;1147
succedere, succedo, successi, successum;anrücken (gegen), (nach)folgen;Verb;26;1148
sumere, sumo, sumpsi, sumptum;nehmen;Verb;5;1149
superare;(be)siegen, übertreffen;Verb;6;1150
surgere, surgo, surrexi, surrectum;aufstehen, sich erheben;Verb;14;1151
suscipere, suscipio, suscepi, susceptum;unternehmen, sich (einer Sache) annehmen, auf sich nehmen;Verb;29;1152
sustinere, sustineo, sustinui, ‒;aushalten, ertragen;Verb;13;1153
tacere, taceo, tacui, ‒;schweigen, stilsein;Verb;1;1154
tangere, tango, tétigi, tactum;berühren;Verb;12;1155
tegere, tego, texi, tectum ;bedecken, schützen;Verb;40;1156
temptare;prüfen, versuchen, angreifen;Verb;26;1157
tendere, tendo, tetendi, tentum ;(aus)strecken, spannen;Verb;30;1158
tenere, teneo, tenui, ‒;(zurück)halten, behalten;Verb;3;1159
terrere, terreo, terrui;(jmdn.) erschrecken;Verb;12;1160
timere, timeo, timui, ‒;(sich) fürchten, Angst haben (vor);Verb;2;1161
tolerare;ertragen, erhalten;Verb;37;1162
tollere, tollo, sústuli, sublatum;hochheben, beseitigen, vernichten, entfernen;Verb;14;1163
tradere, trado, tradidi, traditum;übergeben, ausliefern, überliefern;Verb;17;1164
trahere, traho, traxi, tractum;ziehen, schleppen;Verb;11;1165
traicere, traicio, traieci, traiectum;hinüberbringen, übersetzen;Verb;27;1166
transire, transeo, transii, transitum;überschreiten, herüberkommen;Verb;18;1167
tribuere, tribuo, tribui, tributum ;zuteilen, schenken, erweisen;Verb;33;1168
uti, utor, usus sum (m. Abl.);(etw.) benutzen, gebrauchen;Verb;35;1169
vacare (m. Abl.);frei sein (von), (etw.) nicht haben;Verb;8;1170
valere, valeo, valui, ‒;gesund sein, Einfluss haben;Verb;8;1171
velle, volo, volui, ‒;wollen;Verb;19;1172
vendere, vendo, vendidi, venditum;verkaufen;Verb;13;1173
venire, venio, veni, ventum;kommen;Verb;1;1174
verberare;schlagen;Verb;39;1175
vereri, vereor, veritus sum;fürchten, sich scheuen, verehren;Verb;34;1176
versari, versor, versatus sum ;sich aufhalten, sich beschäftigen;Verb;36;1177
vertere, verto, verti, versum;wenden, drehen, verwandeln;Verb;12;1178
videre, video, vidi, visum;sehen;Verb;4;1179
videtur/videntur (m. Inf.);er, sie, es scheint/sie scheinen (etw. zu tun);Verb;35;1180
vincere, vinco, vici, victum ;(be)siegen, übertreffen;Verb;32;1181
vindicare;beanspruchen;Verb;15;1182
vitare;(ver)meiden;Verb;23;1183
vivere, vivo, vixi, ‒;leben;Verb;11;1184
vocare;rufen, nennen;Verb;3;1185
volare;fliegen;Verb;I 07;1186
volvere, volvo, volvi, volutum ;rollen, wälzen, überlegen;Verb;28;1187
ave!;sei gegrüßt!;Verb, formelhaft;4;1188
salve!/salvete!;sei/seid gegrüßt!, hallo!;Verb, formelhaft;2;1189
vale!/valete!;leb/lebt wohl!;Verb, formelhaft;13;1190
(m. Dat.) opus est (m. Abl.);es ist nötig, (jmd.) braucht (etw.);Verb, unpersönlich;24;1191
decere/decet, decuit (m. Akk.);(etw.) ist angemessen (für), passt (zu);Verb, unpersönlich;38;1192
dicitur/dicuntur (m. Inf.);man sagt, dass er, sie, es/sie (etw. tut / tun), er, sie, es soll/sie sollen (etw. tun);Verb, unpersönlich;35;1193
necesse est;es ist notwendig;Verb, unpersönlich;27;1194
oportere/oportet, oportuit ;es ist nötig, es gehört sich, es ist angebracht;Verb, unpersönlich;30;1195
id agere, ut ;sich dafür einsetzen/alles darauf anlegen, dass;Verb, Wendung;28;1196
repetere memoriam (m. Gen.);sich wieder erinnern (an);Verb, Wendung;38;1197
se continere;sich aufhalten;Verb, Wendung;32;1198
se fingere;sich … stellen;Verb, Wendung;25;1199
se praebere;sich zeigen, sich erweisen als;Verb, Wendung;15;1200
vitam agere;sein Leben verbringen;Verb, Wendung;9;1201
